{"precision":{"0":0.7906976744,"1":0.8333333333,"accuracy":0.8131868132,"macro avg":0.8120155039,"weighted avg":0.8136553369},"recall":{"0":0.8095238095,"1":0.8163265306,"accuracy":0.8131868132,"macro avg":0.8129251701,"weighted avg":0.8131868132},"f1-score":{"0":0.8,"1":0.824742268,"accuracy":0.8131868132,"macro avg":0.812371134,"weighted avg":0.8133227597},"support":{"0":42.0,"1":49.0,"accuracy":0.8131868132,"macro avg":91.0,"weighted avg":91.0}}