{
    "f1": 0.8470588235294119,
    "roc_auc": 0.9062717770034843
}